"1855,4729,3954,2886,3168,4943,2288,2872,5059,2618,3365,1432,5092,4140,1600,4372,3157,208
 5,1264,4716,3533,3701,4524,1290,2415,2627,3391,2243,4988,5066,4386,2071,2875,2049,4944,41
 78,3953,2881,1638,1852,3739,4381,3998,2076,3396,2244,5061,2620,1899,1297,2412,3706,4523,1
 263,4711,3534,1607,4375,3150,2082,3362,1435,5095,4147,4986,5068,4388,2843,3991,2629,1890,
 4718,1864,4972,3965,3159,2616,2424,2040,3192,4185,5057,2272,2888,3166,1631,4343,1403,417
 1,2286,3354,4515,3730,3502,1255,4727,1609,3962,4975,4149,3708,1863,1897,1299,2844,3996,20
 78,3398,4981,3505,1252,4720,4512,3737,1404,4176,2281,3353,3161,1636,4344,4182,5050,2275,2
 047,3195,2423,2611,3763,4546,4774,3551,2483,4310,1662,3135,3909,3307,4122,1450,1696,2013,
 2221,3797,2645,4780,2477,4921,3338,3936,1239,1837,4579,2448,2810,5209,4787,2470,3790,264
 2,2226,5003,1691,2014,2828,3300,4125,4919,1457,4317,1665,3132,4773,3556,2484,3764,4541,28
 17,2219,1830,2689,3569,3931,4328,4926,1468,5035,1495,2210,2022,5207,2446,3594,4583,2674,3
 560,4745,1237,4577,1839,2680,3752,4113,1461,3336,3104,3938,4321,1653,3799,2479,1698,2821,
 3907,3309,4910,4548,1806,3103,4326,1654,4114,1466,4928,3331,4570,2687,3755,3567,4742,123
 0,4584,2673,2441,3593,2025,2819,5200,5032,1492,2217,3558,1801,1459,4917,4319,3900,2228,28
 26,4789,1298,1896,3399,4980,2079,2845,3997,4148,4974,1608,3963,3709,1862,2046,3194,4183,5
 051,2274,2610,2422,4513,3736,3504,4721,1253,3160,4345,1637,4177,1405,2280,3352,1865,4719,
 3158,3964,4973,4389,2842,3990,5069,4987,2628,1891,4170,1402,2287,3355,3167,2889,4342,163
 0,3503,4726,1254,4514,3731,2425,2617,4184,5056,2273,2041,3193,3952,2880,1639,4179,4945,18
 53,3738,2048,2874,4710,1262,3535,3707,4522,3363,5094,4146,1434,4374,1606,3151,2083,3397,2
 245,5060,4380,2077,3999,1296,2413,2621,1898,5058,2873,2619,4728,1854,4942,2289,3169,3955,
 2887,2626,1291,2414,4387,2070,3390,2242,5067,4989,4373,1601,3156,2084,3364,5093,4141,143
 3,3700,4525,4717,1265,3532,2440,3592,4585,2672,1493,5033,2216,2818,2024,5201,1467,4929,41
 15,3330,3102,1655,4327,3566,1231,4743,4571,2686,3754,2827,2229,4788,1800,3559,4318,3901,1
 458,4916,4576,1838,2681,3753,3561,1236,4744,3939,3105,1652,4320,1460,4112,3337,2023,5206,
 1494,5034,2211,4582,2675,2447,3595,3308,4911,3906,4549,1807,2478,3798,1699,2820,1664,431
 6,3133,3301,4918,1456,4124,3765,4540,4772,3557,2485,3791,2643,4786,2471,1690,2829,2015,22
 27,5002,3568,1831,2688,4927,1469,3930,4329,2218,2816,2220,5005,1697,2012,4781,2476,3796,2
 644,4775,3550,2482,3762,1809,4547,3306,1451,4123,1663,4311,3908,3134,2449,2811,5208,3937,
 4920,3339,1836,4578,1238,1944,4638,3079,2997,3845,4852,2399,2963,5148,2709,3274,4051,518
 3,1523,4263,1711,2194,3046,4607,1375,3422,3610,4435,1381,2504,2736,2352,3280,5177,4899,42
 97,2160,2158,2964,4069,4855,2990,3842,1729,1943,3628,4290,2167,3889,2355,3287,5170,2731,1
 988,1386,2503,3617,4432,4600,1372,3425,4264,1716,2193,3041,3273,5184,1524,5179,4897,4299,
 3880,2952,2738,1981,4609,1975,4863,3048,3874,2707,2535,3083,2151,5146,4094,2363,3077,299
 9,4252,1720,4060,1512,3245,2397,4404,3621,3413,4636,1344,1718,3873,4058,4864,3619,1972,19
 86,1388,2169,3887,2955,3289,4890,3414,4631,1343,4403,3626,4067,1515,3242,2390,3070,4255,1
 727,5141,4093,2364,3084,2156,2532,2700,3672,4457,1919,1317,4665,2592,3440,1773,4201,3818,
 3024,3216,1541,4033,1787,2102,2330,5115,2754,3686,4691,2566,4830,3229,3827,1328,4468,192
 6,2559,2901,4696,2561,2753,3681,2337,5112,1780,2939,2105,3211,1546,4808,4034,1774,4206,30
 23,1310,4662,2595,3447,3675,4450,2906,2308,1921,2798,3478,3820,4239,1579,4837,1584,5124,2301,2133,3485,2557,4492,2765,3471,1326,4654,1928,4466,3643,2791,1570,4002,3227,3829,3015,
 1742,4230,3688,2568,1789,2930,3816,3218,4801,1917,4459,1319,3012,1745,4237,4839,1577,400
 5,3220,4461,3644,2796,3476,1321,4653,4495,2762,3482,2550,2908,2134,1583,5123,2306,3449,19
 10,4806,1548,4208,3811,2339,2937,4698,1389,1987,3288,4891,3886,2954,2168,4865,4059,1719,3
 872,3618,1973,3085,2157,5140,4092,2365,2701,2533,4402,3627,3415,1342,4630,3071,1726,4254,
 1514,4066,3243,2391,1974,4608,3875,3049,4862,4298,3881,2953,4896,5178,2739,1980,1513,406
 1,3244,2396,2998,3076,1721,4253,3412,1345,4637,4405,3620,2534,2706,5147,4095,2362,3082,21
 50,2991,3843,1728,4854,4068,1942,3629,2965,2159,1373,4601,3424,3616,4433,3272,1525,4057,5
 185,1717,4265,2192,3040,2354,3286,5171,4291,3888,2166,1387,2502,2730,1989,5149,2962,2708,
 4639,1945,4853,2398,2996,3844,3078,2737,1380,2505,4296,2161,2353,3281,4898,5176,1710,426
 2,2195,3047,3275,1522,4050,5182,3611,4434,1374,4606,3423,3483,2551,4494,2763,5122,1582,23
 07,2135,2909,4004,4838,1576,3221,3013,4236,1744,3477,4652,1320,4460,3645,2797,2936,2338,4
 699,1911,3448,4209,3810,4807,1549,1929,4467,3642,2790,3470,4655,1327,3014,3828,4231,1743,
 4003,1571,3226,2132,5125,1585,2300,4493,2764,3484,2556,3219,4800,3817,1318,1916,4458,256
 9,3689,1788,2931,4207,1775,3022,3210,4035,1547,4809,3674,4451,4663,1311,2594,3446,2752,36
 80,4697,2560,1781,2104,2938,2336,5113,3479,1920,2799,1578,4836,3821,4238,2309,2907,2331,5
 114,1786,2103,4690,2567,2755,3687,4664,1316,2593,3441,3673,4456,1918,3217,4032,1540,4200,
 1772,3025,3819,2558,2900,3826"
